Description,Word No.,Valence Mean,Valence SD,Arousal Mean,Arousal SD,Dominance Mean,Dominance SD,Word Frequency
abduction,621,2.33,2.13,6.09,2.72,2.76,2.49,1
angry,18,2.27,1.51,7.46,2.04,5.19,2.68,45
abortion,622,3.15,2.39,5.85,3.09,4.00,2.55,6
anguished,19,1.55,0.83,6.20,2.80,3.20,2.59,2
absurd,623,4.70,1.30,4.65,1.93,4.70,1.42,17
ankle,638,5.00,1.60,4.04,1.86,4.84,1.60,8
abundance,624,6.55,1.90,5.10,2.53,5.55,2.11,13
annoy,20,2.61,1.99,6.48,2.50,5.09,2.25,2
abuse,1,1.46,1.03,6.88,2.83,3.81,3.12,18
answer,639,6.32,1.64,5.18,2.63,5.64,1.56,152
acceptance,625,8.18,1.56,4.86,3.00,6.55,1.99,49
anxious,21,4.81,2.04,7.00,1.74,5.15,1.83,29
accident,2,2.08,1.29,6.48,2.62,3.92,2.29,33
applause,640,7.62,1.60,5.77,2.98,6.19,2.23,14
ace,626,6.14,2.10,4.95,2.33,6.33,2.08,15
appliance,641,5.15,0.49,3.85,1.76,5.00,1.03,5
ache,627,2.00,1.11,4.77,2.62,3.23,1.63,4
arm,642,5.21,1.86,2.92,1.89,5.08,0.97,94
achievement,3,8.00,1.24,5.97,2.80,6.52,2.47,65
army,23,4.55,1.99,5.42,2.04,4.85,2.58,132
activate,4,5.31,0.97,5.00,2.55,5.38,1.75,2
aroused,24,7.96,0.96,6.77,2.61,6.15,1.69,20
addict,581,2.12,1.48,5.68,1.95,3.68,2.54,1
arrogant,25,2.90,1.71,6.10,1.62,4.55,2.76,2
addicted,628,2.29,1.49,5.09,2.67,3.29,2.43,3
art,643,7.50,1.44,5.08,3.13,5.75,2.13,208
admired,5,7.81,2.01,5.97,2.53,7.44,2.21,17
assassin,26,2.50,1.80,6.53,2.42,4.09,2.73,6
adorable,6,8.12,1.07,4.96,2.92,6.00,2.61,3
assault,27,1.78,1.35,7.70,2.32,3.09,2.98,15
adult,546,6.50,1.50,4.81,1.65,5.58,2.53,25
astonished,28,6.60,1.70,6.70,2.18,5.15,1.69,6
advantage,629,6.72,2.11,4.48,2.10,6.35,2.17,73
astronaut,501,6.54,1.58,5.62,2.10,5.08,2.08,2
adventure,630,8.00,1.17,7.05,1.85,6.55,1.61,14
athletics,644,6.45,2.16,5.45,2.37,6.05,2.31,9
affection,7,8.57,0.74,6.25,2.86,6.39,2.13,18
autumn,29,6.47,2.27,4.34,2.55,5.25,1.97,22
afraid,8,1.83,1.14,6.68,2.65,3.43,2.25,57
avalanche,645,2.95,1.70,5.80,2.55,3.20,2.07,1
aggressive,9,4.89,1.79,5.68,2.29,5.21,2.57,17
avenue,646,5.82,1.44,3.86,2.17,5.73,1.45,46
agility,22,6.24,1.55,5.07,1.77,5.79,1.26,3
awed,30,7.05,1.19,5.42,2.48,5.85,1.63,5
agony,10,2.41,2.15,6.34,2.62,3.75,2.62,9
baby,31,8.65,0.67,4.95,2.96,5.35,2.70,62
agreement,631,7.38,1.63,5.14,2.51,6.00,1.75,106
bake,647,6.05,2.06,5.45,2.06,5.71,2.08,12
air,632,6.23,1.54,3.64,2.19,5.00,1.20,257
bandage,648,5.05,1.56,4.19,2.23,4.73,1.83,4
alcoholic,582,2.00,1.36,6.00,2.12,4.08,2.56,3
bankrupt,32,1.85,1.16,6.56,2.77,3.48,2.38,5
alert,11,6.69,1.72,7.00,2.51,5.50,2.55,33
banner,649,5.45,0.96,4.19,2.02,4.81,1.40,8
alien,633,4.75,1.65,5.10,2.38,5.00,2.03,16
bar,650,5.91,1.93,4.78,2.81,5.13,1.66,82
alimony,634,4.62,2.16,5.14,2.10,5.18,2.44,2
barrel,651,4.83,1.27,3.04,1.85,4.88,0.99,24
alive,635,7.79,1.86,5.62,2.81,6.04,2.29,57
basket,547,5.31,1.09,3.88,2.01,5.62,1.60,17
allergy,636,2.95,1.53,4.68,2.48,3.45,1.63,1
bastard,33,3.44,2.21,5.94,2.02,4.03,2.51,12
alley,637,4.19,2.16,5.43,2.66,3.64,1.99,8
bath,502,7.42,1.55,3.58,2.58,7.08,1.98,26
alone,12,2.10,1.35,5.16,2.62,3.61,2.45,195
bathroom,548,5.19,1.27,3.92,1.57,5.58,1.50,18
aloof,13,4.68,1.93,4.54,2.27,4.60,2.10,5
bathtub,652,6.75,1.48,3.25,2.53,5.80,1.67,4
ambition,14,7.88,1.53,5.42,3.13,7.50,1.75,19
beach,34,7.65,1.95,4.45,3.28,5.15,2.52,61
ambulance,15,2.27,1.54,7.62,1.98,3.00,2.23,6
beast,653,3.50,2.11,5.21,2.84,4.25,2.05,7
angel,16,7.81,1.10,4.65,2.59,5.19,2.43,18
beautiful,654,8.00,1.03,5.95,2.24,6.50,2.01,127
anger,17,2.00,1.28,8.22,1.35,5.52,3.19,48
beauty,35,8.04,1.15,4.52,2.76,5.65,2.44,71
bed,549,7.15,1.54,3.19,2.23,6.77,1.73,127
bright,671,7.91,1.41,5.62,2.22,6.52,2.32,87
bees,583,3.15,2.11,6.31,2.00,3.77,1.86,15
broken,672,2.73,1.61,5.46,2.44,4.12,1.37,63
beggar,36,2.65,1.85,5.62,2.61,3.68,2.50,2
brother,52,7.26,2.45,4.30,2.88,5.00,2.66,73
bench,655,4.65,1.47,3.77,2.27,4.42,1.17,35
brutal,53,2.46,1.84,7.36,1.87,4.12,3.04,7
bereavement,656,4.52,1.85,4.50,1.89,4.62,1.71,4
building,550,5.04,1.04,3.77,1.77,5.27,1.64,160
betray,37,1.60,0.96,7.28,2.09,4.54,3.31,4
bullet,673,2.45,1.82,5.48,2.71,2.67,2.20,28
beverage,657,6.86,1.46,5.14,2.37,5.48,2.32,5
bunny,54,7.70,1.38,3.80,2.65,5.05,2.33,1
bird,38,7.41,1.35,3.39,2.31,4.36,2.21,31
burdened,55,2.38,1.50,5.72,2.01,4.72,2.44,4
birthday,39,8.13,0.97,6.74,2.14,6.22,2.59,18
burial,56,1.77,1.07,5.32,2.32,3.36,1.96,11
black,543,4.88,2.03,4.68,2.32,4.44,1.73,203
burn,586,2.35,1.35,6.04,1.99,3.92,1.65,15
blackmail,40,2.93,2.09,6.31,2.66,3.72,2.81,2
bus,541,4.31,1.81,3.77,1.61,4.65,1.57,34
bland,658,4.09,1.15,3.14,1.61,4.82,1.33,3
busybody,674,5.52,2.58,5.36,2.74,6.33,1.93,.
blase,41,4.79,1.03,3.58,1.77,4.74,0.87,7
butter,57,5.31,1.29,3.12,1.90,4.73,1.89,27
blasphemy,659,3.83,2.43,5.25,2.31,4.75,1.39,4
butterfly,58,7.48,1.20,3.48,2.59,4.70,2.30,2
bless,42,7.73,1.00,4.00,2.83,5.68,2.36,9
cabinet,675,5.00,0.31,3.57,1.91,4.76,1.55,17
blind,43,3.35,2.11,4.95,2.39,3.45,1.93,47
cake,59,7.26,1.36,4.91,2.48,5.13,2.03,9
bliss,660,6.80,2.53,4.12,2.79,5.84,2.10,4
cancer,60,1.41,0.80,6.26,3.01,3.45,3.01,25
blister,661,2.25,1.33,4.40,2.58,3.55,1.76,3
candy,61,6.96,2.47,4.96,2.47,5.58,1.96,16
blond,662,6.20,1.51,4.00,2.20,5.45,1.10,11
cane,677,4.36,1.62,4.00,2.00,4.09,1.77,12
bloody,584,2.08,1.16,6.50,1.63,3.62,1.83,8
cannon,678,4.05,1.64,4.25,2.83,4.85,2.18,7
blossom,44,7.09,1.00,4.61,2.35,5.52,2.21,7
capable,62,7.26,1.45,4.74,2.26,6.96,1.80,66
blubber,663,3.31,1.93,4.58,2.56,3.42,1.92,1
car,551,7.62,1.92,6.81,1.77,7.35,2.00,274
blue,544,6.38,1.96,4.62,2.32,5.35,1.83,143
carcass,679,2.59,1.71,4.59,2.30,4.36,1.76,7
board,664,5.00,1.23,3.56,2.22,5.24,1.56,239
carefree,63,7.45,1.40,4.82,2.79,5.96,2.43,9
body,665,5.38,2.32,5.46,2.55,5.42,2.08,276
caress,64,7.94,1.11,5.39,2.89,5.73,2.23,1
bold,45,7.00,1.55,5.94,2.02,6.58,1.96,21
cash,503,8.46,1.07,7.65,1.50,7.15,2.49,36
bomb,46,1.90,1.14,7.31,2.42,4.52,3.27,36
casino,680,6.71,1.55,6.27,2.27,5.10,2.14,2
book,47,5.55,1.19,4.20,2.73,5.45,2.28,193
cat,504,6.08,2.26,4.65,2.17,5.81,2.08,.
bored,48,3.05,1.28,2.80,2.40,4.15,1.90,14
cell,587,4.27,1.34,4.46,1.90,4.12,1.93,65
bottle,666,6.21,1.47,4.26,2.70,4.89,1.52,76
cellar,681,4.21,1.79,4.46,2.28,4.46,1.28,26
bouquet,667,7.55,1.54,5.85,2.54,6.05,2.16,4
cemetery,65,2.22,1.24,5.00,2.88,4.05,2.19,15
bowl,49,5.54,1.48,3.50,2.16,4.58,1.72,23
chair,66,5.00,1.00,3.07,1.77,4.52,1.82,66
boxer,585,4.92,1.90,5.04,2.31,4.73,1.28,1
champ,682,7.15,2.31,5.85,2.94,7.12,2.05,1
boy,50,6.91,1.73,5.13,2.42,6.00,2.09,242
champion,67,8.45,0.83,6.29,2.98,6.68,2.60,23
brave,668,7.55,1.00,6.35,2.32,7.30,1.87,24
chance,683,5.72,1.86,5.40,2.55,4.58,2.08,131
breast,51,5.43,1.12,4.43,2.04,4.96,2.25,11
chaos,684,3.86,2.53,7.00,2.25,3.73,2.25,17
breeze,669,7.20,1.36,4.45,2.54,5.50,1.76,14
charm,68,6.83,1.58,5.00,2.19,5.41,2.40,26
bride,670,7.88,1.33,6.25,2.74,5.67,2.57,33
cheer,69,8.50,0.76,6.30,2.58,6.45,2.09,8
child,70,8.00,1.12,5.35,2.74,4.85,2.37,213
corrupt,702,2.52,1.81,4.52,2.20,4.41,2.40,8
chin,685,5.20,1.11,2.95,1.82,5.10,1.21,27
cottage,87,6.83,1.70,2.87,2.42,5.70,1.87,19
chocolate,505,6.96,1.99,5.69,2.41,5.00,1.90,9
couple,506,7.96,2.03,7.38,1.75,5.96,2.63,122
christmas,686,7.96,1.51,6.42,2.52,5.38,2.00,27
cow,554,5.42,1.45,3.85,2.11,4.84,1.68,29
church,71,6.81,1.94,4.16,2.10,5.20,2.16,348
coward,703,2.73,1.55,4.23,2.31,2.91,1.72,8
circle,687,6.00,1.27,4.24,2.19,4.90,1.61,60
cozy,88,7.30,1.66,3.04,2.25,5.04,2.34,1
circus,72,7.75,2.00,6.45,2.65,5.70,2.36,7
crash,89,2.21,1.42,6.93,2.53,3.24,2.25,20
city,73,6.26,1.25,5.70,2.74,6.52,1.93,393
crime,704,2.33,1.52,5.75,2.45,3.67,2.06,34
cliff,553,4.38,1.92,6.62,1.98,3.69,2.19,11
criminal,705,2.62,1.66,5.68,2.40,3.05,1.72,24
clock,688,5.45,1.28,4.10,2.77,4.75,2.22,20
crisis,706,1.72,1.37,6.08,3.09,2.75,2.51,82
clothing,74,6.88,1.59,5.12,2.86,5.33,2.22,20
crown,90,6.73,1.43,4.62,2.47,6.42,2.08,19
clouds,533,5.96,2.20,3.15,1.91,5.00,1.52,38
crucify,91,2.09,1.75,6.78,2.18,3.72,2.67,2
clumsy,689,3.96,2.36,5.46,2.49,3.73,1.85,6
crude,707,2.59,1.53,5.14,2.62,3.77,1.97,15
coarse,690,4.45,1.68,4.14,1.90,4.95,1.56,10
cruel,92,1.57,0.84,5.96,2.79,3.78,2.84,15
coast,691,5.92,2.00,4.42,2.23,5.65,1.70,61
crushed,93,1.86,1.28,5.41,3.02,2.68,2.23,10
cockroach,75,2.38,2.03,6.47,2.81,4.41,2.59,2
crutch,708,3.08,1.55,3.88,2.23,4.08,1.81,1
coffin,76,2.41,1.92,5.28,2.79,4.03,2.58,7
cuddle,94,8.15,1.60,3.70,2.52,5.95,2.61,.
coin,692,6.30,1.49,4.10,2.22,5.45,1.36,10
cuisine,709,6.46,1.36,4.08,2.00,5.35,1.09,1
cold,693,4.14,2.08,5.00,2.56,4.73,1.75,171
curious,95,5.82,1.70,5.82,1.49,5.32,1.49,46
color,694,7.00,1.54,4.82,2.63,6.05,1.70,141
curtains,710,4.68,0.99,3.68,1.73,5.00,1.66,8
column,695,5.18,0.66,3.55,1.82,4.41,1.37,71
custom,96,6.04,1.59,4.65,2.10,5.08,1.81,14
comedy,77,8.57,0.90,5.61,3.12,5.74,2.09,39
cut,711,3.58,2.26,5.21,2.21,4.54,1.84,192
comfort,696,7.61,1.97,3.74,2.80,5.70,2.08,43
cute,97,7.95,0.94,4.85,2.96,4.85,2.21,5
computer,552,6.35,1.26,4.96,1.80,5.50,1.94,13
cyclone,98,3.00,2.40,6.48,2.90,4.72,2.78,.
concentrate,78,5.39,1.34,4.61,2.37,5.04,1.89,11
dagger,99,2.60,1.26,6.58,2.44,4.56,2.55,1
confident,79,8.12,1.31,6.04,2.39,7.96,1.61,16
damage,712,2.45,1.34,6.05,2.21,3.59,1.74,33
confused,80,3.17,1.80,6.27,1.86,4.18,2.08,44
dancer,507,7.46,1.56,6.65,1.92,6.38,2.08,31
consoled,81,5.85,1.66,4.20,2.38,4.15,1.84,2
danger,713,1.85,1.29,7.42,2.34,2.92,2.08,70
contempt,82,3.72,2.23,5.41,2.31,5.00,1.89,15
dark,714,4.52,2.84,4.29,2.45,5.27,2.45,185
contents,83,4.97,0.82,4.44,2.09,4.84,1.63,16
dawn,715,6.21,2.25,4.42,2.89,5.33,1.76,28
context,84,5.19,1.33,4.12,2.52,5.38,1.65,2
daylight,716,6.96,2.13,4.50,2.77,5.38,2.17,15
controlling,85,3.38,2.17,6.38,2.21,4.65,3.25,23
dazzle,717,7.24,1.14,6.27,2.07,6.05,1.28,1
cook,697,6.24,2.30,4.62,2.14,4.92,1.53,47
dead,588,1.42,0.76,6.04,2.63,2.73,2.25,174
cord,698,5.23,0.87,3.27,2.21,5.00,1.02,6
death,100,1.55,1.61,4.75,3.29,2.55,2.35,277
cork,699,5.27,0.94,3.73,2.41,5.05,1.13,9
debt,101,2.12,1.21,6.46,2.52,3.04,2.18,13
corner,700,4.38,1.12,4.38,1.66,4.36,1.47,115
deceit,718,2.57,1.60,6.00,2.24,3.33,2.18,2
corpse,86,2.07,1.58,4.93,3.09,3.93,2.59,7
decompose,102,2.62,1.68,5.00,2.37,3.69,1.85,1
corridor,701,4.90,1.02,3.65,2.39,4.90,1.21,17
decorate,719,7.32,1.13,5.52,1.81,6.19,1.72,2
defeated,103,2.28,1.79,5.65,3.14,3.19,2.55,15
divorce,128,2.08,1.94,7.16,2.19,2.88,2.01,29
defiant,104,4.11,2.23,6.41,2.34,6.11,2.67,3
doctor,129,5.48,2.65,6.04,2.76,4.79,2.85,100
deformed,720,1.85,1.39,4.55,2.46,3.60,1.88,.
dog,511,7.46,1.70,6.12,1.93,6.08,2.13,75
delayed,721,3.00,1.51,6.09,2.52,3.86,2.21,25
doll,728,6.88,1.83,4.88,2.49,4.96,1.95,10
delight,105,8.43,0.84,5.30,3.10,6.13,2.30,29
dollar,729,7.74,1.28,6.00,2.81,5.74,2.58,46
demon,106,1.39,1.03,7.32,2.34,4.78,3.16,9
door,130,5.12,1.42,3.42,2.19,4.62,1.83,312
dentist,589,4.46,2.20,5.85,1.67,4.00,2.30,12
dove,730,7.32,1.52,3.09,2.49,5.00,1.66,4
depressed,107,1.58,1.36,5.06,3.18,2.68,2.34,11
dreadful,131,2.19,1.90,5.92,2.62,3.50,2.47,10
depression,108,1.27,0.72,4.54,3.35,2.92,2.45,24
dream,132,6.92,1.83,4.62,2.91,6.04,2.03,64
derelict,722,4.10,1.77,4.09,2.18,4.62,1.40,1
dreary,731,2.86,1.71,2.91,2.27,3.81,1.72,6
deserter,109,1.90,1.32,5.86,2.63,3.24,2.13,.
dress,133,6.77,1.45,3.65,1.92,5.26,2.03,67
desire,508,7.65,1.50,7.46,1.63,6.77,1.70,79
drown,591,1.88,1.24,6.46,2.02,2.96,2.03,3
despairing,110,2.19,1.06,5.72,2.39,3.12,2.01,4
dummy,732,3.76,1.95,4.32,2.36,3.86,2.20,3
despise,111,2.00,1.50,6.52,2.49,4.38,2.97,7
dump,733,2.73,1.61,4.05,2.16,3.62,1.96,4
destroy,112,2.12,1.42,7.04,2.18,4.50,2.93,48
dustpan,555,3.73,1.61,3.50,2.20,5.50,1.96,.
destruction,723,2.04,1.71,5.58,2.86,3.12,2.14,38
earth,134,7.35,1.65,4.32,2.70,5.04,2.23,150
detached,113,3.88,1.82,4.31,2.65,3.58,2.32,12
easy,734,7.11,1.70,3.47,2.82,6.79,1.69,125
detail,724,5.35,1.69,3.80,2.12,4.95,1.61,72
easygoing,135,7.38,1.52,4.43,2.54,5.32,1.74,1
detest,114,1.92,1.13,6.15,2.49,5.85,2.81,1
eat,136,7.05,1.93,5.00,2.49,5.30,2.08,61
devil,115,1.96,1.91,6.76,2.33,5.04,2.85,25
ecstasy,735,7.80,1.88,6.90,2.29,6.25,2.31,6
devoted,116,7.52,1.35,5.07,2.34,6.62,2.13,51
education,137,6.80,2.06,5.85,2.52,6.38,2.70,214
diamond,117,7.92,1.13,5.80,2.97,5.64,2.02,8
egg,736,5.42,1.96,4.00,2.22,4.67,2.01,12
dignified,118,7.29,1.40,4.62,2.41,6.15,2.39,7
elated,138,7.43,1.95,6.22,2.47,5.52,2.13,3
dinner,509,6.85,1.71,5.35,1.90,5.73,1.91,91
elbow,737,5.32,1.17,4.10,2.19,4.95,1.28,10
diploma,119,8.18,1.50,5.68,3.09,6.95,2.55,.
elegant,139,7.56,1.13,4.39,2.55,6.13,2.00,14
dirt,725,3.90,1.59,4.15,2.16,4.70,0.98,43
elevator,738,5.76,1.48,4.73,1.75,4.62,1.77,12
dirty,590,2.35,1.26,4.58,1.77,4.58,1.75,36
embarrassed,140,2.43,1.41,5.87,2.69,2.48,1.31,8
disappoint,120,2.26,1.42,5.13,2.72,3.13,2.44,.
embattled,141,4.15,1.35,5.15,2.43,4.69,1.54,1
disaster,121,1.20,0.52,6.60,2.89,3.40,2.89,26
employment,147,6.72,1.70,5.20,2.16,6.02,2.22,47
discomfort,726,1.95,0.83,4.65,2.56,4.05,1.90,7
engaged,143,8.34,1.20,7.14,2.09,6.64,2.48,47
discouraged,122,3.00,2.68,4.87,1.94,3.87,2.26,15
engine,148,5.09,1.23,3.66,2.38,4.97,1.85,50
disdainful,123,3.56,2.00,5.22,2.30,4.41,1.98,2
enjoyment,145,7.88,1.20,4.80,2.72,6.54,2.02,21
disgusted,124,2.35,1.40,6.04,2.51,4.04,2.08,6
ennui,146,5.06,1.82,4.58,2.31,4.55,1.86,.
disloyal,125,1.65,1.65,7.04,1.78,3.15,2.77,2
enraged,149,2.52,1.68,8.00,2.22,5.86,2.96,1
displeased,126,2.81,2.32,6.15,2.43,3.85,2.27,7
erotic,512,6.73,1.59,6.77,2.03,5.77,2.25,8
distressed,127,1.91,1.28,6.39,2.54,3.17,2.44,4
errand,150,4.88,1.03,4.08,1.78,4.24,1.42,7
disturb,727,3.65,2.19,5.85,2.68,4.88,2.16,10
event,740,6.00,1.26,4.55,2.19,5.30,0.80,81
diver,510,6.31,1.49,5.12,1.68,4.88,1.93,1
evil,741,2.46,2.35,6.27,2.54,4.62,2.98,72
excellence,151,8.41,1.02,5.83,2.78,7.24,2.40,15
foam,756,6.67,2.20,6.18,2.48,5.38,2.31,37
excitement,152,7.83,2.09,8.07,1.46,6.48,2.29,32
food,514,7.42,1.65,6.42,1.58,5.65,2.78,147
excuse,153,4.19,1.02,4.20,2.02,4.32,1.95,27
foot,757,5.00,1.02,3.12,2.08,4.85,1.19,70
execution,154,1.78,1.54,5.83,2.77,4.00,2.95,15
fork,560,5.12,0.82,3.88,1.68,5.65,1.74,14
exercise,155,7.26,1.36,6.65,1.99,5.43,2.25,58
foul,169,2.73,1.73,4.76,2.05,4.38,2.04,4
fabric,742,5.38,0.97,4.32,2.15,5.24,1.76,15
fragrance,170,5.96,2.31,4.19,2.45,4.85,1.93,6
face,556,6.65,1.41,5.31,2.00,6.04,1.59,371
fraud,171,2.65,1.67,5.92,2.65,3.15,2.36,8
failure,156,1.36,0.81,5.52,2.86,2.24,2.33,89
free,172,8.48,0.90,5.17,3.11,6.65,2.31,260
fall,743,4.32,2.23,4.81,2.32,3.71,2.17,147
freedom,173,7.62,2.30,5.08,3.01,7.00,2.43,128
FALSE,744,3.30,1.22,3.60,1.96,3.80,1.44,29
friend,174,8.12,1.21,5.35,2.84,7.04,1.78,133
fame,157,7.93,1.31,7.14,1.96,7.00,2.11,18
friendly,175,8.50,1.14,5.28,3.23,5.80,2.43,61
family,158,7.77,1.37,4.64,2.81,6.00,1.92,331
frigid,758,3.54,2.16,4.85,2.57,4.15,2.09,5
famous,745,6.69,2.49,5.68,2.66,6.12,2.27,89
frog,176,5.62,1.98,4.38,1.96,5.19,2.15,1
fantasy,746,7.42,2.16,4.54,2.94,6.23,2.14,14
frustrated,177,2.31,1.72,5.65,2.92,3.35,2.24,10
farm,557,5.65,1.74,4.19,1.96,5.50,1.94,125
fun,759,8.50,0.86,7.32,2.06,6.82,1.89,44
fascinate,159,7.44,1.39,5.72,2.82,6.38,1.98,3
funeral,178,1.23,0.87,5.55,3.38,3.14,2.73,33
fat,160,1.75,1.62,6.50,2.54,3.60,3.07,60
fungus,179,2.65,1.87,4.91,2.45,3.91,2.02,2
father,161,7.26,2.24,6.22,2.35,6.83,2.21,383
fur,180,4.00,1.81,4.48,2.47,4.09,1.88,13
fatigued,162,3.05,1.54,2.60,2.39,3.30,1.66,3
game,760,6.52,2.45,5.58,2.53,5.68,1.55,123
fault,747,3.75,1.07,4.45,1.36,3.95,1.23,22
gangrene,181,2.06,1.78,5.59,3.03,3.25,2.36,.
favor,748,6.36,1.53,4.23,1.80,5.86,1.67,78
garbage,182,2.62,1.90,5.64,2.36,3.85,2.17,7
fear,592,1.85,1.22,7.19,1.86,2.62,1.88,127
garden,761,7.00,1.52,4.00,2.45,5.85,1.90,60
fearful,163,2.31,1.26,6.65,2.23,3.69,2.35,13
garment,762,6.52,1.71,4.88,2.69,5.64,1.87,6
feeble,164,3.04,1.28,4.20,1.83,2.60,1.66,8
garter,534,5.54,1.36,4.88,2.03,5.62,1.70,2
festive,749,7.32,2.79,6.54,2.44,5.84,2.34,2
gender,763,5.86,1.93,4.41,2.13,5.62,1.80,2
fever,750,2.48,1.66,4.73,2.64,3.38,2.48,19
gentle,183,7.45,1.27,3.31,2.74,5.24,2.10,27
field,558,6.31,1.49,4.12,2.58,6.00,2.12,274
germs,764,2.81,1.50,4.68,2.28,3.67,1.68,1
fight,751,2.65,2.06,7.40,2.01,4.80,2.97,98
gift,184,8.38,1.61,6.59,2.64,5.72,2.39,33
filth,165,2.04,1.37,5.85,2.44,3.38,2.25,2
girl,185,6.31,1.49,3.04,2.15,5.77,2.32,220
finger,752,5.30,1.45,3.50,2.70,4.85,1.35,40
glacier,186,5.39,1.31,4.04,2.57,5.00,2.26,1
fire,166,2.85,2.15,7.44,1.94,4.20,2.78,187
glamour,187,7.17,1.37,4.74,2.28,5.87,2.69,5
fireworks,513,7.31,1.78,6.77,2.12,5.46,1.94,5
glass,765,4.92,1.09,4.15,2.03,4.81,1.13,99
fish,559,5.88,1.66,4.15,1.85,5.58,1.53,35
gloom,188,1.79,1.15,3.68,2.20,3.36,2.11,14
flabby,167,1.52,0.82,5.68,2.90,2.54,1.94,.
glory,189,7.62,1.74,5.97,2.89,6.78,2.35,21
flag,753,6.14,1.46,3.86,2.29,5.36,1.33,16
god,190,7.95,1.36,5.80,2.88,5.90,2.69,318
flirt,754,7.57,1.36,6.91,1.77,6.05,2.60,1
gold,191,7.35,1.87,5.43,3.03,5.91,2.66,52
flood,755,2.68,1.64,6.09,2.07,2.64,1.79,19
golfer,535,5.46,1.75,3.62,2.02,5.42,1.77,3
flower,168,7.00,1.85,3.65,2.53,5.12,2.41,23
good,766,7.59,1.59,6.05,2.36,6.95,1.99,807
gossip,767,3.23,2.60,6.32,2.42,3.27,2.59,13
heaven,205,7.41,2.45,5.16,3.32,6.12,2.71,43
graduate,192,8.35,0.88,7.00,2.43,7.15,2.01,30
hell,788,1.67,1.35,6.05,2.72,2.62,2.25,95
grass,768,6.38,1.56,3.67,2.01,5.33,1.35,53
helpless,206,2.19,1.55,5.62,2.48,2.12,1.82,21
grateful,193,7.39,1.08,4.78,2.37,6.17,1.90,25
heroin,789,4.79,2.99,5.67,2.41,5.29,2.48,2
greed,769,2.85,1.31,4.00,2.00,4.50,1.32,3
hide,207,3.97,1.94,5.66,2.46,3.00,1.87,22
green,194,6.48,2.01,4.10,2.48,5.03,2.06,116
highway,562,5.80,1.80,5.52,2.26,5.68,1.68,40
greet,770,7.05,1.61,5.25,2.67,5.65,2.30,7
hinder,790,3.75,1.16,4.15,2.16,4.25,1.41,.
grenade,771,3.32,1.84,5.91,2.54,3.81,2.62,3
history,208,4.77,2.03,3.81,2.40,4.62,2.10,286
grief,195,1.65,0.89,4.81,2.90,3.15,2.27,10
hit,594,3.27,2.03,6.04,1.68,4.15,1.67,115
grime,772,2.86,1.28,3.64,2.26,4.27,1.16,.
holiday,791,7.75,1.96,6.17,3.03,5.79,2.36,17
grin,773,7.79,1.53,4.92,2.43,5.75,1.75,13
home,209,8.04,1.40,4.16,3.13,5.60,2.31,547
gripe,774,3.05,1.70,5.05,2.10,5.05,1.56,.
honest,210,8.00,1.31,5.09,2.15,6.87,1.87,47
guillotine,196,1.82,1.59,6.69,2.48,4.48,2.90,.
honey,792,6.91,1.57,4.50,2.39,5.23,1.51,25
guilty,197,2.54,2.40,6.81,2.51,2.77,2.53,29
honor,211,7.69,1.29,5.77,2.01,7.00,1.83,66
gun,593,2.27,1.71,6.96,1.75,2.73,2.22,118
hooker,793,2.32,1.62,4.00,3.06,3.55,2.06,.
gymnast,515,6.27,1.87,5.54,2.04,5.31,1.76,1
hope,794,7.32,2.19,5.88,2.36,5.68,2.19,178
habit,775,4.08,1.98,4.04,2.37,4.21,1.61,23
hopeful,212,7.12,1.68,5.50,2.44,5.38,1.96,12
hairdryer,561,4.80,0.91,3.62,1.86,5.88,1.56,.
horror,213,2.48,2.20,7.69,2.04,4.64,2.89,17
hairpin,776,5.13,1.36,3.22,2.35,5.00,1.13,1
horse,214,6.00,1.72,4.04,2.32,4.85,1.69,117
hamburger,777,5.68,1.25,4.18,2.04,5.09,1.38,6
hospital,215,5.04,2.86,6.73,2.43,4.60,2.52,110
hammer,198,5.00,1.08,4.50,1.70,4.25,1.37,9
hostage,216,2.15,1.97,7.73,1.85,2.54,2.21,2
hand,778,6.05,1.43,4.43,1.83,4.90,1.45,431
hostile,217,2.38,1.33,6.23,2.42,4.35,2.24,19
handicap,779,2.95,1.15,3.95,2.09,3.85,1.90,6
hotel,795,5.52,1.87,4.46,2.42,4.96,1.70,126
handsome,199,8.09,1.44,6.55,2.46,5.03,1.94,40
house,563,7.23,1.90,5.04,2.18,5.81,2.35,591
haphazard,780,4.45,1.19,4.50,2.16,4.45,1.28,2
hug,218,8.17,1.77,5.26,3.03,6.04,2.69,3
happy,200,8.19,2.06,6.19,2.80,6.58,2.55,98
humane,796,7.38,1.50,4.27,2.22,5.73,2.15,5
hard,781,4.82,1.59,4.86,2.21,5.36,1.09,202
humble,219,5.76,1.33,3.88,2.35,4.56,2.24,18
hardship,782,1.95,1.33,5.05,2.71,3.33,2.31,9
humiliate,797,2.27,1.52,5.95,2.55,2.32,1.96,.
hat,783,5.36,1.36,3.73,1.86,5.32,1.39,56
humor,220,8.69,0.74,5.96,2.99,6.42,2.08,47
hate,201,1.79,1.32,6.79,2.66,4.90,3.09,42
hungry,221,3.52,1.83,5.09,2.29,4.70,2.03,23
hatred,202,1.69,1.69,6.76,2.52,4.14,2.92,20
hurricane,798,2.45,1.43,7.00,2.00,2.35,2.11,8
hawk,536,5.46,1.56,4.68,2.25,5.31,1.64,14
hurt,222,1.66,1.08,5.68,2.40,3.14,2.22,37
hay,784,5.30,0.66,3.05,2.09,4.90,1.21,19
hydrant,564,4.96,1.00,3.77,1.75,5.54,1.58,.
headache,203,1.88,0.99,5.00,2.86,3.16,1.89,5
icebox,799,4.91,1.11,3.59,2.22,5.09,1.02,3
headlight,785,5.45,1.19,3.85,2.06,5.00,1.17,.
idea,800,7.57,1.33,6.14,1.83,6.90,2.10,195
heal,786,7.45,1.60,4.90,2.39,6.29,1.90,2
identity,801,6.95,1.76,4.80,2.19,6.50,2.04,55
health,204,6.75,2.11,5.03,2.15,5.81,2.01,105
idiot,223,3.00,1.62,3.83,2.52,2.39,1.62,2
heart,787,7.90,1.33,6.55,2.44,5.50,2.24,173
idol,802,6.55,1.93,5.15,2.08,5.20,2.31,7
ignorance,803,3.21,2.62,4.83,2.66,4.38,2.39,16
jealousy,237,2.40,2.22,7.00,2.50,4.16,2.75,4
illness,804,2.27,1.35,4.82,2.26,2.77,1.66,20
jelly,238,5.62,1.61,3.54,2.17,4.29,1.80,3
imagine,805,7.52,1.44,6.32,2.17,7.62,1.75,61
jewel,239,7.24,1.50,5.31,2.49,5.86,2.26,1
immature,806,2.65,1.35,4.10,1.94,4.75,2.31,7
joke,826,8.00,1.76,6.82,1.79,6.05,1.82,22
immoral,807,3.29,2.05,5.17,2.53,4.67,2.06,5
jolly,827,7.45,1.88,5.45,2.89,6.45,1.61,4
impair,808,3.00,2.14,4.46,2.30,4.00,2.43,4
journal,828,5.32,1.70,3.68,2.38,5.64,1.76,42
impotent,224,2.54,1.56,4.50,2.32,2.92,2.06,2
joy,240,8.62,0.70,6.73,2.44,6.46,2.14,40
impressed,225,7.62,1.70,5.24,2.76,5.28,2.41,30
joyful,241,8.52,0.85,5.81,2.70,6.77,1.98,1
improve,226,7.90,1.02,5.80,2.07,6.20,2.14,39
jug,829,5.00,0.79,3.50,2.04,4.90,1.21,6
incentive,809,6.95,1.96,5.95,2.44,5.90,2.43,12
justice,242,7.93,1.13,5.71,2.62,6.57,2.10,114
indifferent,810,4.46,1.06,3.17,1.97,4.96,1.55,11
kerchief,830,4.81,1.27,3.27,2.31,5.15,1.19,1
industry,227,5.06,1.70,4.34,2.48,4.56,2.03,171
kerosene,243,4.77,1.75,4.36,2.55,4.80,1.98,6
infant,811,7.95,1.50,5.50,2.61,5.80,2.57,11
ketchup,831,5.68,1.29,4.52,2.14,5.38,1.83,1
infatuation,516,6.50,2.21,6.96,1.75,4.32,2.08,4
kettle,832,5.25,0.72,2.85,1.98,5.05,1.05,3
infection,228,1.48,0.85,5.22,2.84,3.35,2.62,8
key,833,5.96,1.65,3.50,2.27,4.83,1.74,88
inferior,812,3.05,1.15,4.45,1.88,2.55,1.79,7
kick,834,4.10,2.40,5.65,2.06,5.70,1.95,16
inhabitant,813,5.27,1.32,3.27,2.10,5.18,1.56,.
kids,835,6.96,2.34,5.27,2.66,5.28,2.21,32
injury,595,1.85,1.16,5.81,1.86,3.35,1.23,27
killer,244,1.43,1.20,8.35,1.43,4.52,3.53,21
ink,229,5.08,0.63,4.00,1.91,4.64,2.02,7
kind,245,7.62,1.82,4.69,2.58,6.17,1.97,313
innocent,814,6.76,1.30,3.82,2.20,5.38,2.42,37
kindness,246,8.38,0.94,3.76,2.76,6.08,2.88,5
insane,815,2.23,1.80,5.95,2.63,3.41,2.06,13
king,247,7.34,1.67,5.48,2.86,7.34,2.21,88
insect,816,3.68,2.32,4.19,2.62,4.24,2.68,14
kiss,248,8.24,1.70,7.55,1.68,7.10,2.21,17
insecure,230,2.41,1.45,6.14,2.29,2.28,1.98,3
kitten,517,7.00,1.90,5.15,2.49,6.81,2.12,5
insolent,231,4.12,1.75,5.19,2.28,4.27,2.16,2
knife,596,2.64,1.78,5.77,2.23,3.23,1.90,76
inspire,232,7.35,1.23,4.96,2.88,6.48,2.25,3
knot,836,4.82,1.30,4.62,1.96,4.50,1.43,8
inspired,233,7.58,1.77,6.04,2.86,6.85,2.43,25
knowledge,249,7.60,1.14,5.90,2.38,7.20,2.17,145
insult,817,1.68,1.13,6.55,2.44,2.95,1.73,7
lake,250,7.10,1.50,3.86,2.66,5.03,2.28,54
intellect,818,6.88,1.82,4.92,2.77,5.92,2.04,5
lamb,837,6.25,1.57,3.42,2.00,4.88,1.60,7
intercourse,819,7.05,1.46,6.68,2.19,6.09,1.82,9
lamp,838,5.75,1.12,3.90,2.15,5.55,1.47,18
interest,234,7.30,1.82,5.87,2.62,5.83,1.70,330
lantern,839,5.64,1.29,4.00,2.30,4.86,1.62,13
intimate,821,7.52,1.81,6.92,2.45,5.72,2.46,21
laughter,251,8.35,1.31,6.70,2.39,6.70,2.20,22
intruder,822,2.08,2.19,7.15,2.46,3.42,2.82,1
lavish,840,6.80,1.74,4.95,2.61,5.80,1.40,3
invader,823,2.46,1.91,6.50,2.13,4.04,2.82,1
lawn,841,5.23,0.87,3.82,1.82,5.27,1.24,15
invest,824,6.25,1.86,4.80,2.76,6.10,1.71,3
lawsuit,842,3.52,2.29,5.50,2.46,3.80,1.94,1
iron,565,4.54,1.03,3.54,1.86,4.96,1.40,43
lazy,843,4.33,2.18,3.00,2.49,4.00,2.07,9
irritate,235,3.26,1.71,6.17,1.92,4.91,1.93,.
leader,844,7.90,1.45,6.35,2.46,8.35,1.23,74
item,825,5.20,0.95,2.95,1.96,5.45,1.70,54
learn,252,7.27,1.56,5.54,2.28,6.54,1.92,84
jail,236,1.91,1.19,5.73,2.55,4.27,2.83,21
legend,845,6.41,1.47,4.27,1.86,5.32,1.59,26
leisurely,253,7.00,1.76,4.52,2.52,5.25,1.82,5
man,537,7.19,1.60,6.73,1.61,4.81,2.45,1207
leprosy,254,2.09,1.20,6.48,2.31,4.00,2.59,1
mangle,861,3.68,2.21,5.14,2.44,3.95,1.65,.
lesbian,597,3.38,1.81,4.50,1.79,4.92,2.12,.
maniac,862,3.20,1.77,5.55,2.96,4.20,2.26,4
letter,846,6.91,1.63,4.64,2.54,5.59,1.53,145
manner,863,5.62,1.66,4.41,1.65,5.52,1.57,124
liberty,255,8.10,1.19,5.47,2.75,6.33,2.37,46
mantel,864,4.96,1.12,2.88,2.11,4.92,1.21,3
lice,256,2.12,1.45,4.92,2.34,3.60,2.20,2
manure,865,3.23,1.74,4.27,1.93,4.50,0.91,6
lie,257,2.28,1.55,6.25,2.53,2.81,2.25,59
market,866,5.50,1.01,3.55,1.92,5.41,1.50,155
life,258,7.38,1.70,6.26,2.49,5.77,2.53,715
massacre,867,2.32,2.03,5.43,2.79,2.86,2.22,1
lightbulb,566,5.77,1.42,4.38,2.14,6.23,1.77,.
masterful,271,7.00,1.96,4.97,3.10,7.31,2.77,2
lighthouse,847,5.58,2.34,3.96,2.51,5.38,1.88,.
masturbate,599,4.35,1.85,5.27,2.39,5.38,2.21,.
lightning,598,4.00,2.48,6.69,1.76,3.62,2.10,14
material,868,5.25,0.91,3.55,2.21,5.05,0.69,174
limber,848,5.90,1.70,4.52,2.44,5.86,1.88,2
measles,272,2.47,2.08,5.38,2.43,3.84,2.22,2
lion,518,5.54,1.92,6.54,1.86,3.62,2.16,17
medicine,869,5.76,2.23,4.48,2.29,4.59,2.17,30
listless,259,3.92,1.62,3.58,2.06,3.65,1.65,1
meek,273,3.38,1.60,4.19,2.33,3.15,2.27,10
lively,849,7.42,2.23,5.80,2.84,6.08,2.06,26
melody,870,7.50,1.40,5.20,2.17,5.35,1.69,21
locker,850,5.45,0.89,3.35,1.87,5.70,1.42,9
memories,871,7.59,1.62,6.00,2.00,6.18,1.94,15
loneliness,260,1.59,1.01,4.52,3.00,2.42,2.23,9
memory,274,6.40,1.50,5.40,2.04,5.10,2.00,76
lonely,261,2.15,2.01,4.92,2.78,3.04,2.34,25
menace,275,2.68,1.55,5.72,2.21,4.81,2.00,9
loser,851,1.95,1.40,5.05,2.55,2.55,2.04,1
merry,872,8.09,1.60,5.50,2.72,6.45,1.97,8
lost,852,2.54,1.90,5.77,2.83,2.88,1.63,173
messy,873,3.16,1.64,3.79,2.72,4.00,1.53,3
lottery,853,6.46,2.39,5.76,2.44,4.52,2.31,1
metal,874,4.80,1.01,3.75,2.00,5.40,0.94,61
louse,262,2.15,1.38,5.31,1.85,3.19,2.28,3
method,875,5.20,1.40,3.25,2.02,5.05,1.10,142
love,263,8.77,0.65,6.42,3.49,7.12,2.62,232
mighty,276,6.88,2.30,5.81,2.23,7.40,2.10,29
loved,264,8.83,0.47,6.69,2.77,7.10,2.23,56
mildew,277,3.08,1.44,4.08,1.81,4.27,1.89,1
loyal,265,7.93,1.60,5.24,2.53,7.14,1.94,18
milk,876,5.45,2.31,2.80,2.09,5.50,1.10,49
lucky,266,8.35,0.88,6.15,2.62,5.90,2.02,21
millionaire,278,7.92,1.47,6.35,2.54,7.19,2.00,2
lump,854,3.58,2.52,5.36,2.78,4.20,2.27,7
mind,877,6.85,1.53,4.75,2.67,6.40,1.96,325
luscious,267,7.48,1.08,4.96,2.65,5.96,1.64,2
miracle,279,8.72,0.61,7.72,1.81,5.32,2.53,16
lust,519,6.92,1.62,6.85,1.78,4.88,2.16,5
mischief,878,5.73,2.21,5.77,1.77,5.57,1.89,5
luxury,268,8.03,0.98,5.04,3.00,6.43,2.39,21
misery,879,1.59,1.62,5.36,2.74,2.18,1.26,15
machine,855,5.46,1.64,3.83,2.55,5.46,1.89,103
mistake,880,2.54,1.47,5.21,2.41,3.17,1.99,34
mad,856,2.52,2.11,6.67,2.24,5.95,2.26,39
mobility,881,6.95,1.70,4.59,2.24,6.41,1.47,8
madman,857,3.24,2.62,5.88,3.14,4.33,2.96,2
modest,280,5.81,1.30,3.65,2.31,4.85,2.38,29
maggot,269,1.92,1.32,5.54,2.90,3.81,2.28,2
mold,882,3.19,1.63,4.14,2.40,4.14,2.03,45
magical,858,7.82,1.50,5.86,2.64,5.86,2.17,12
moment,281,5.92,1.63,3.38,2.08,4.73,1.87,246
mail,859,7.18,1.71,5.55,2.34,5.73,1.61,47
money,282,7.45,1.35,6.00,2.51,6.21,2.25,265
malaria,860,2.41,1.44,4.81,2.40,3.33,2.20,3
month,283,5.07,1.16,4.00,1.83,4.86,1.27,130
malice,270,2.38,1.68,6.08,2.90,4.77,2.93,2
moody,883,2.96,1.57,4.33,2.50,4.25,1.57,5
moral,884,6.45,1.15,4.40,2.21,6.00,2.13,142
nude,520,5.88,0.91,5.73,1.59,5.12,2.03,20
morbid,284,2.62,2.14,5.22,2.77,4.19,2.71,1
nuisance,908,2.85,1.87,4.60,2.96,4.16,1.91,5
morgue,285,1.70,1.15,5.26,3.09,3.04,1.72,1
nun,909,5.23,2.05,2.81,1.86,4.92,1.83,2
mosquito,885,2.30,1.38,4.85,2.68,4.30,1.92,1
nurse,538,5.77,2.16,4.81,1.77,4.65,2.33,17
mother,286,8.74,0.75,6.74,2.38,6.52,1.97,216
nursery,910,6.31,2.45,4.64,3.03,5.48,2.42,13
mountain,287,6.86,1.52,5.27,2.39,4.95,2.01,33
obesity,911,2.81,2.14,4.52,3.02,3.52,2.55,5
movie,288,6.93,1.49,4.86,2.67,5.17,1.73,29
obey,912,4.52,1.78,4.38,1.40,4.14,2.44,8
mucus,886,2.80,2.12,3.40,2.46,4.40,1.73,2
obnoxious,913,3.05,2.50,5.00,2.77,5.19,2.71,5
muddy,887,4.15,2.20,4.44,2.24,4.68,1.97,10
obscene,914,3.48,2.12,4.62,2.25,4.16,1.99,2
muffin,888,6.77,2.14,5.19,2.50,5.48,1.69,.
obsession,915,3.69,1.89,6.19,2.43,4.23,2.23,5
murderer,289,1.42,0.81,7.42,2.14,3.50,2.97,19
ocean,297,7.28,1.83,4.76,2.87,5.83,2.59,34
muscular,290,7.09,1.35,5.29,2.15,6.45,2.16,16
odd,916,4.46,2.25,4.12,2.44,4.79,1.79,44
museum,889,5.62,1.63,3.00,1.76,5.24,1.67,32
offend,917,2.23,1.23,5.41,2.48,3.45,2.11,4
mushroom,567,5.50,2.18,4.50,2.20,5.19,2.14,2
office,568,5.19,1.27,4.08,2.04,5.88,2.01,255
music,291,8.43,0.90,5.13,3.48,6.87,2.46,216
opinion,298,6.58,1.47,5.08,2.40,5.16,1.97,96
mutation,890,3.56,2.33,4.85,2.62,3.84,2.21,.
optimism,918,7.80,1.70,5.90,2.59,6.85,1.93,15
mutilate,292,1.97,1.57,6.03,3.13,3.00,2.51,3
option,919,6.76,1.37,4.95,1.83,6.73,1.64,5
mystic,891,6.04,2.35,5.38,2.79,5.58,1.95,3
orchestra,299,6.31,1.49,3.75,2.38,5.07,1.92,60
naked,892,5.83,2.62,5.78,2.49,5.52,1.90,32
orgasm,920,8.19,1.36,8.27,1.08,6.95,2.04,7
name,893,5.21,2.47,3.83,2.43,5.00,1.84,294
outdoors,521,7.58,1.21,6.35,2.45,6.23,2.18,6
narcotic,894,4.09,2.58,5.33,2.65,4.19,2.69,2
outrage,921,3.35,2.03,7.15,2.18,5.80,2.65,4
nasty,895,3.12,2.39,4.84,2.54,4.96,2.44,5
outstanding,922,7.96,1.90,6.44,2.60,6.38,2.50,37
natural,896,6.62,1.60,3.62,2.38,5.58,1.70,156
overcast,923,3.33,1.65,2.95,1.77,4.14,1.62,9
nature,293,7.77,1.34,4.24,2.45,4.92,2.41,191
overwhelmed,300,3.88,2.64,7.29,1.97,3.41,2.41,4
nectar,294,6.96,1.40,4.08,2.33,4.38,1.47,3
owl,522,5.58,1.33,3.96,1.73,5.65,1.72,2
needle,897,3.62,1.83,5.62,3.09,3.85,2.20,15
pain,301,1.54,1.63,7.12,2.52,3.27,2.72,88
neglect,898,1.90,1.12,5.15,2.52,3.75,2.59,12
paint,924,6.05,1.80,3.86,2.41,5.86,1.90,37
nervous,899,2.91,1.54,7.50,1.74,3.05,1.81,24
palace,302,7.65,1.50,5.29,2.71,5.48,2.28,38
neurotic,900,4.08,2.36,5.42,2.89,4.40,2.25,10
pamphlet,925,4.73,0.98,3.81,2.09,4.62,1.24,3
news,901,5.10,1.87,5.73,1.72,4.10,1.79,102
pancakes,523,5.62,2.14,4.19,2.30,5.35,1.72,.
nice,902,6.35,2.88,4.12,2.49,5.24,2.37,75
panic,601,2.73,1.69,7.50,1.56,2.85,1.35,22
nightmare,295,1.57,1.53,7.65,2.48,3.09,3.01,9
paper,303,5.13,1.14,2.52,1.78,4.48,1.75,157
nipple,903,5.48,1.66,4.73,2.46,5.40,1.83,.
paradise,304,8.85,0.37,4.40,3.28,5.55,3.00,12
noisy,904,4.95,2.15,6.59,1.84,4.91,1.80,6
paralysis,926,1.64,1.09,4.64,2.90,2.55,1.84,6
nonchalant,296,4.77,0.86,3.12,1.93,4.38,1.44,1
part,927,5.12,1.93,3.23,2.42,4.88,1.68,500
nonsense,905,4.18,1.44,3.55,1.92,4.41,1.47,13
party,305,8.35,1.70,6.76,3.06,6.00,2.57,216
noose,906,3.35,1.60,4.05,1.96,4.35,1.90,3
passage,928,5.12,1.58,4.31,2.26,4.85,1.16,49
nourish,907,6.70,1.42,4.15,2.76,5.95,1.61,.
passion,306,8.10,1.32,7.10,2.78,6.10,2.26,28
pasta,524,6.69,1.62,5.00,2.00,5.92,1.79,.
pressure,944,3.27,1.93,6.55,2.15,3.77,2.41,185
patent,307,5.10,0.86,3.68,1.81,4.68,1.68,35
prestige,945,7.09,2.14,5.59,2.38,6.77,2.11,29
patient,929,5.86,1.82,4.23,2.52,5.52,2.46,86
pretty,326,7.85,1.09,5.37,2.31,6.05,2.11,107
patriot,930,6.59,1.56,4.05,2.34,5.32,1.09,10
prick,946,3.45,1.65,5.27,2.31,4.24,1.70,2
peace,308,8.20,1.20,2.05,2.04,5.20,3.35,198
pride,327,7.22,2.03,5.84,2.26,7.28,2.08,42
penalty,931,2.55,1.43,5.55,2.21,3.65,1.27,14
priest,328,6.65,1.65,3.71,2.71,4.88,1.96,16
pencil,309,5.19,0.69,3.19,1.92,4.88,1.95,34
prison,329,1.97,1.15,5.61,2.22,4.04,2.32,42
penis,932,6.25,1.71,6.00,2.45,5.90,1.68,.
privacy,330,5.96,1.48,4.23,1.70,6.12,1.51,12
penthouse,933,6.73,1.67,4.91,2.47,6.18,1.56,1
profit,331,7.54,1.21,6.27,1.80,5.65,2.37,28
people,525,7.77,1.63,6.73,2.15,6.19,2.37,847
progress,947,8.00,1.30,6.29,2.53,7.18,1.92,120
perfection,310,6.97,2.10,6.32,2.56,6.58,2.33,11
promotion,332,8.28,0.96,6.74,2.41,6.77,2.31,26
perfume,934,7.23,1.38,4.91,2.35,5.86,1.91,10
protected,333,8.12,1.09,4.08,3.29,6.19,2.95,31
person,311,6.22,1.84,4.42,2.66,5.13,2.05,175
proud,334,8.00,1.78,5.39,3.23,6.74,2.78,50
pervert,312,2.08,1.41,6.28,2.49,4.35,2.90,1
pungent,948,3.50,2.01,4.30,2.18,4.45,1.28,4
pest,313,2.76,1.59,5.77,2.08,5.52,1.92,4
punishment,335,2.12,1.37,6.00,2.37,3.48,2.38,21
pet,935,7.80,1.40,5.15,2.62,6.10,2.47,8
puppy,336,7.66,1.74,5.76,2.85,5.76,2.31,2
phase,936,5.14,1.06,4.57,1.47,4.55,1.77,72
pus,602,2.88,1.68,4.73,1.85,4.31,1.54,.
pie,314,6.38,2.16,3.81,2.53,5.42,2.14,14
putrid,337,2.12,1.62,5.88,2.23,4.92,2.12,.
pig,937,5.05,1.82,3.65,2.48,4.55,1.47,8
python,949,3.12,2.12,6.62,2.12,3.27,1.97,14
pillow,315,7.95,1.61,2.45,2.04,4.60,2.23,8
quality,950,6.15,1.52,4.46,2.28,5.38,1.65,114
pinch,938,3.25,1.52,4.35,1.84,4.30,1.66,6
quarrel,338,2.50,2.06,6.44,2.92,4.00,2.35,20
pistol,939,2.73,1.80,6.09,2.45,3.41,2.36,27
quart,951,5.33,2.18,3.17,2.57,4.92,1.82,3
pity,940,3.05,1.62,4.14,2.22,3.81,1.63,14
queen,952,7.10,1.48,4.80,2.46,6.35,2.11,41
pizza,526,6.50,2.14,5.38,2.00,6.04,1.75,3
quick,953,6.59,1.65,6.50,1.68,6.50,1.92,68
plain,941,4.00,1.58,3.68,2.40,4.71,2.00,48
quiet,339,5.52,1.95,2.94,2.27,4.16,2.21,76
plane,539,6.54,1.82,6.20,2.42,4.77,2.37,114
rabbit,527,6.73,2.07,4.38,2.35,6.12,1.75,11
plant,316,5.88,2.08,3.81,2.48,4.88,2.29,125
rabies,340,1.86,1.01,6.10,2.55,3.79,2.39,1
pleasure,317,8.38,0.86,5.59,2.96,6.28,2.31,62
radiant,954,7.04,2.24,5.67,2.85,5.38,2.24,8
poetry,318,6.23,1.66,3.76,2.63,5.28,2.07,88
radiator,955,4.82,0.66,3.64,1.76,4.86,0.83,4
poison,319,1.81,1.06,6.62,2.86,3.27,2.69,10
radio,341,6.77,1.42,4.46,2.79,5.15,1.78,120
politeness,320,7.43,1.04,3.74,2.38,6.13,1.87,5
rage,342,2.35,1.64,8.09,1.50,4.96,3.21,16
pollute,321,1.77,1.07,6.04,2.59,4.50,2.57,1
rain,569,4.81,2.40,3.62,2.37,4.38,1.39,70
poster,942,5.25,1.59,3.33,2.08,4.88,1.70,4
rainbow,343,8.25,1.12,4.45,3.09,4.60,2.52,4
poverty,322,1.46,0.76,4.84,2.75,2.80,2.24,20
rancid,956,4.24,2.26,4.81,2.32,4.04,1.84,.
power,323,6.12,2.42,6.44,2.06,7.28,2.11,342
rape,344,1.08,0.27,7.38,2.89,2.85,3.15,5
powerful,324,6.81,1.74,5.80,2.75,7.12,2.59,63
rat,345,2.82,1.70,5.14,2.48,4.11,1.97,6
prairie,325,5.93,1.33,3.26,1.93,4.39,1.89,21
rattle,346,4.85,0.97,4.35,2.38,4.31,1.59,5
present,943,7.32,1.64,4.68,2.59,6.14,1.67,377
razor,957,4.68,2.29,4.96,2.35,4.64,1.78,15
red,570,6.46,1.84,5.62,1.94,6.19,1.70,197
salad,369,5.91,1.67,3.84,2.24,5.38,1.91,9
refreshment,347,7.28,1.33,4.68,2.78,5.00,1.83,2
salute,370,6.20,1.58,5.45,2.31,5.35,1.98,3
regretful,348,2.25,1.55,5.75,2.30,3.19,2.52,1
sapphire,371,7.21,1.80,4.93,2.70,5.59,2.24,.
rejected,349,1.38,0.83,6.26,2.67,2.45,2.47,33
satisfied,372,8.12,0.99,5.12,2.83,6.50,2.10,36
relaxed,350,7.39,1.59,1.87,1.71,5.52,2.19,14
save,969,6.65,2.03,4.80,1.99,5.75,1.80,62
repentant,351,5.86,2.12,5.05,2.10,5.68,1.86,1
savior,373,7.72,1.62,5.76,3.01,6.66,2.13,6
reptile,958,4.27,1.99,5.23,2.30,4.38,1.72,.
scalding,970,2.58,2.06,5.31,2.69,3.88,2.27,1
rescue,352,7.50,1.40,5.95,2.78,6.20,2.19,15
scandal,971,2.68,1.73,5.27,2.41,3.91,1.66,8
resent,959,3.64,2.28,4.90,1.81,5.10,2.17,8
scapegoat,972,3.52,1.66,4.50,2.24,3.48,1.63,1
reserved,353,4.87,1.89,3.38,1.95,3.94,1.71,27
scar,973,3.18,1.99,4.91,2.45,3.55,1.63,10
respect,354,7.95,1.05,5.25,2.51,7.40,1.73,125
scared,604,2.08,1.44,6.81,2.00,2.42,2.00,21
respectful,355,7.34,1.01,5.00,2.57,5.89,2.41,4
scholar,374,7.35,1.47,5.17,2.62,6.96,1.94,15
restaurant,960,6.90,1.62,4.65,2.56,5.15,1.42,41
scissors,974,4.95,1.28,5.00,1.34,5.36,1.89,1
reunion,961,6.50,2.84,6.58,2.38,5.50,1.82,11
scorching,975,3.95,2.06,5.32,2.40,4.05,2.11,.
reverent,356,5.20,1.32,3.80,1.51,4.50,1.70,3
scorn,375,2.72,2.09,5.45,2.68,3.69,2.79,4
revolt,357,4.24,1.81,6.41,2.41,6.00,1.85,8
scornful,376,2.27,1.51,5.69,2.68,4.42,2.61,5
revolver,962,2.48,1.78,5.82,2.70,3.10,2.26,14
scorpion,976,3.75,3.04,6.42,2.67,3.92,2.60,.
reward,358,7.78,1.73,5.23,2.79,6.13,2.16,15
scream,605,3.73,2.13,7.38,1.44,4.81,2.40,13
riches,359,7.85,2.15,5.96,2.82,6.88,2.60,2
scum,377,2.04,1.24,4.72,2.41,4.46,1.96,.
ridicule,360,2.62,2.25,6.54,2.69,3.73,2.89,5
scurvy,378,2.96,1.95,4.92,2.66,4.60,2.63,1
rifle,603,2.62,1.96,6.23,2.18,2.96,2.14,63
seasick,379,1.96,1.25,6.15,2.82,3.38,2.61,.
rigid,963,3.25,1.78,4.58,2.28,4.42,1.91,24
seat,380,5.17,0.89,3.17,1.64,5.00,1.71,54
riot,361,2.50,2.04,6.58,2.79,4.35,2.78,7
secure,381,8.00,1.29,3.24,2.73,6.12,2.77,30
river,362,6.93,1.73,4.69,2.54,5.34,2.02,165
selfish,382,2.04,1.31,5.58,2.56,4.33,2.50,8
roach,363,1.95,1.59,7.50,2.24,4.50,3.00,2
sentiment,977,6.12,1.86,4.50,2.16,5.35,1.23,23
robber,964,2.18,1.68,5.81,2.80,3.00,2.30,2
serious,383,4.82,1.49,4.00,1.73,4.93,1.51,116
rock,965,5.32,1.17,4.81,2.27,5.05,1.99,75
severe,978,2.38,1.50,5.48,2.23,3.50,1.95,39
rollercoaster,528,8.23,1.42,8.50,1.03,5.00,2.74,.
sex,384,7.55,1.88,6.85,2.23,5.25,2.10,84
romantic,364,8.45,0.86,7.36,2.44,6.05,2.24,32
sexy,530,7.88,1.28,7.24,1.67,6.38,2.45,2
rotten,365,2.00,1.31,4.70,2.29,4.22,2.15,2
shadow,385,4.29,1.32,4.56,2.27,4.26,1.77,36
rough,966,4.76,2.23,5.68,2.25,4.81,1.72,41
shamed,386,2.05,1.23,5.80,2.31,2.80,2.17,1
rude,366,2.35,2.06,6.26,2.36,4.61,2.35,6
shark,606,3.50,2.34,7.08,2.02,2.42,1.75,.
runner,571,5.69,1.83,5.62,2.25,5.15,1.93,1
sheltered,387,5.95,1.93,3.95,1.67,3.50,2.12,4
rusty,367,3.84,1.61,3.59,2.08,4.39,1.69,8
ship,388,5.75,1.71,4.75,2.59,5.40,2.48,83
sad,368,1.43,0.84,4.09,2.48,3.00,2.09,35
shotgun,979,2.82,1.97,6.41,2.15,4.00,2.45,8
safe,967,7.71,1.33,3.75,2.91,5.83,2.32,58
shriek,980,3.75,2.17,5.75,2.91,4.12,1.96,5
sailboat,529,7.96,1.28,5.00,3.10,5.92,1.70,1
shy,389,4.68,2.17,3.69,2.31,3.65,2.28,13
saint,968,7.05,1.53,4.00,2.31,5.59,2.06,16
sick,607,1.69,1.05,4.15,2.65,2.92,1.65,51
sickness,390,2.08,1.38,5.36,2.77,3.08,2.27,6
spring,993,8.00,1.48,4.50,2.69,6.18,2.11,127
silk,391,7.16,1.40,3.50,2.62,4.84,2.10,12
square,408,4.69,0.97,3.41,1.76,4.48,1.64,143
silly,981,7.73,1.75,5.50,2.26,6.23,2.16,15
stagnant,994,4.14,1.93,3.91,2.24,4.67,1.53,5
sin,392,2.50,1.66,6.15,2.24,3.31,2.36,53
star,409,7.23,1.84,5.73,2.38,4.46,2.04,25
sinful,393,2.88,2.45,6.27,2.75,4.31,2.91,3
startled,410,4.56,1.98,7.19,2.00,3.96,1.17,21
sissy,394,2.81,1.67,5.23,2.67,2.92,2.53,.
starving,611,2.00,1.23,5.23,2.49,3.62,2.14,6
skeptical,395,4.20,1.38,4.62,1.92,4.24,1.54,7
statue,995,5.23,0.61,3.09,1.82,4.45,1.06,17
skijump,531,7.08,1.65,7.35,1.79,4.46,2.30,.
stench,996,1.82,1.37,4.57,2.62,4.05,2.13,1
skull,608,3.96,1.54,4.12,1.86,4.77,1.45,3
stiff,997,4.29,1.95,3.86,2.12,4.86,1.71,21
sky,572,7.46,1.42,4.19,2.00,5.31,1.78,58
stink,411,3.13,2.10,4.26,2.18,4.22,2.09,3
skyscraper,573,5.73,1.78,5.81,2.37,4.31,2.28,2
stomach,998,4.71,2.12,4.04,2.55,4.67,1.58,37
slap,396,2.56,1.39,6.58,2.64,4.38,2.38,2
stool,999,5.00,1.88,4.52,2.18,4.67,1.77,8
slaughter,397,1.44,0.91,6.71,2.52,3.47,2.91,10
storm,1000,4.62,2.25,5.38,2.25,4.24,2.26,26
slave,398,1.62,1.02,7.00,2.74,2.76,2.59,30
stove,1001,4.62,1.77,4.69,2.40,5.64,2.16,15
sleep,399,7.03,1.95,3.03,2.95,5.79,2.54,65
street,412,5.19,0.63,3.19,1.96,4.65,1.38,244
slime,400,2.25,1.61,5.53,2.72,4.16,2.05,1
stress,413,2.00,1.48,7.47,2.42,3.58,2.46,107
slow,982,3.91,1.57,2.73,2.00,4.23,1.63,60
strong,414,6.91,1.47,5.83,2.29,7.09,2.19,202
slum,401,2.46,1.33,5.00,2.43,3.81,2.12,8
stupid,415,2.10,1.19,4.97,2.64,2.57,1.85,24
slush,983,4.67,1.86,3.92,2.30,4.96,1.33,.
subdued,416,4.54,1.43,2.93,1.94,3.68,1.42,8
smallpox,402,2.54,1.96,5.44,2.06,4.04,2.13,2
success,417,8.35,0.93,6.04,2.84,7.35,2.39,93
smooth,984,6.48,2.06,4.85,2.62,5.32,1.99,42
suffocate,418,1.52,1.08,6.57,2.97,3.00,2.86,1
snake,609,2.58,1.68,6.92,1.92,3.08,1.73,44
sugar,1002,7.05,1.68,5.14,2.61,5.68,1.39,34
snob,403,3.60,1.94,5.61,2.29,5.03,2.22,1
suicide,419,1.00,0.00,6.20,3.25,3.15,3.10,17
snow,575,7.27,1.54,6.12,2.18,5.69,1.89,59
sun,532,8.12,1.48,5.27,2.92,6.73,1.76,112
snuggle,404,8.00,1.35,3.96,2.96,5.57,2.74,4
sunlight,1003,8.45,0.91,6.86,1.71,5.86,2.43,17
social,985,7.25,2.11,5.17,2.39,6.48,1.96,380
sunrise,420,7.91,1.47,5.04,3.21,5.26,2.45,10
soft,986,7.38,1.32,4.32,2.71,5.86,1.98,61
sunset,421,8.19,1.10,4.23,3.06,5.65,1.98,14
solemn,405,3.85,1.35,3.30,2.11,4.70,1.56,12
surgery,612,2.62,2.23,7.00,1.92,2.58,1.50,6
song,987,7.85,1.46,6.80,2.14,6.05,2.21,70
surprised,422,7.66,1.33,7.31,2.02,6.22,2.31,58
soothe,988,7.20,2.27,4.31,3.25,5.88,2.03,2
suspicious,423,3.55,1.28,6.45,1.76,4.00,2.03,13
sour,989,4.18,2.24,5.23,2.11,4.50,1.47,3
swamp,1004,4.90,2.00,4.40,2.04,4.70,1.03,5
space,574,6.76,1.67,5.20,2.18,5.16,2.23,184
sweetheart,424,8.52,0.73,5.61,2.74,6.09,2.29,9
spanking,990,2.33,1.83,5.39,2.73,3.22,2.28,.
swift,1005,6.36,1.65,4.91,2.49,6.27,2.03,32
sphere,991,5.23,0.53,3.86,1.62,4.95,0.59,22
swimmer,576,6.81,1.63,5.46,1.96,6.15,1.97,.
spider,610,3.04,1.51,5.92,1.96,4.54,2.06,2
syphilis,425,1.45,1.05,7.00,2.79,3.55,2.96,.
spirit,406,7.00,1.41,5.59,2.71,6.17,2.28,182
table,426,5.19,0.57,2.85,1.97,4.69,1.64,198
spouse,407,7.58,1.60,4.60,2.77,5.36,1.87,3
talent,427,7.65,1.26,6.08,1.98,6.58,1.60,40
spray,992,5.45,1.50,3.80,2.07,5.10,1.17,16
tamper,1006,4.10,2.23,5.05,2.11,4.45,2.39,1
tank,613,4.42,1.58,4.85,1.78,4.04,1.66,12
treasure,449,8.10,0.97,6.15,2.80,6.40,2.30,4
taste,1007,6.64,1.73,5.12,2.49,5.48,1.50,59
treat,1019,7.50,1.26,5.71,2.24,6.19,1.91,26
taxi,1008,4.62,1.93,3.08,2.08,4.96,1.55,16
tree,450,6.28,1.62,3.75,2.34,4.79,2.22,59
teacher,1009,5.62,2.08,3.67,2.50,5.17,2.18,80
triumph,451,8.28,1.34,5.62,2.87,7.15,2.43,22
tease,1010,3.96,2.29,5.68,2.41,4.29,2.63,6
triumphant,452,8.83,0.83,7.04,2.40,7.00,2.26,5
tender,1011,7.29,1.23,4.68,2.51,5.33,1.80,11
trophy,453,7.73,1.25,5.23,2.60,6.65,2.30,8
tennis,540,6.15,1.87,4.81,2.79,5.50,2.23,15
trouble,454,2.65,1.77,7.30,1.96,4.96,2.57,134
tense,428,3.58,1.45,6.73,1.93,5.27,2.20,15
troubled,455,2.00,1.20,6.28,2.19,3.76,2.35,31
termite,429,3.28,2.44,6.42,2.02,3.58,1.96,.
truck,577,4.96,1.95,4.96,2.03,5.15,1.89,57
terrible,430,1.65,1.13,6.69,2.45,3.15,2.57,45
trumpet,456,5.70,1.30,4.80,2.04,4.55,1.36,7
terrific,431,8.12,1.16,6.35,2.52,6.45,2.05,5
trunk,1020,5.16,1.62,4.35,2.28,5.32,1.77,8
terrified,432,1.69,1.23,8.08,2.23,2.88,2.82,7
trust,457,7.21,2.48,5.31,2.92,7.07,1.83,52
terrorist,614,1.42,0.86,7.77,1.88,2.42,2.16,.
truth,458,7.96,1.18,5.04,2.86,6.44,1.85,126
thankful,433,7.16,2.30,4.31,2.35,5.16,2.05,6
tumor,459,1.77,1.70,7.12,2.93,3.23,2.44,17
theory,434,5.20,1.47,4.45,1.79,4.90,1.83,129
tune,1021,7.45,1.22,4.55,2.15,5.55,1.57,10
thermometer,1012,4.67,1.20,4.09,2.04,4.24,1.48,.
twilight,1022,7.50,1.79,4.54,2.47,5.62,1.92,4
thief,435,1.50,1.08,7.19,1.94,3.25,2.36,8
ugly,460,2.39,1.31,5.57,2.33,4.22,2.61,21
thorn,436,3.68,1.73,5.12,2.11,4.44,1.33,3
ulcer,461,1.72,1.10,6.04,2.62,4.11,2.02,5
thought,1013,6.80,1.44,4.85,2.68,6.40,1.67,515
umbrella,578,5.12,1.67,4.32,1.65,5.20,2.06,8
thoughtful,437,7.85,1.09,5.15,2.58,5.80,2.17,11
unfaithful,462,1.85,1.43,6.62,2.89,2.85,2.74,1
thrill,438,7.85,1.41,7.81,1.90,6.54,2.02,5
unhappy,463,1.35,0.78,4.26,2.53,3.70,2.75,26
tidy,1014,6.32,1.93,4.36,2.16,5.88,2.14,1
unit,1023,5.50,1.59,3.21,2.19,4.67,1.09,103
time,439,5.38,2.08,4.24,2.62,4.28,2.21,1599
untroubled,464,7.65,1.37,4.13,2.44,5.70,2.60,.
timid,440,3.90,1.63,4.66,2.18,3.03,1.97,5
upset,465,2.00,1.17,6.25,1.94,3.90,2.40,14
tobacco,441,3.23,2.16,4.92,2.65,4.27,2.32,19
urine,617,3.65,1.67,4.23,1.99,5.38,1.94,1
tomb,442,2.55,1.82,5.05,2.72,3.30,1.95,11
useful,466,7.38,1.36,4.20,2.61,6.00,2.06,58
tool,1015,4.91,1.27,3.91,1.63,5.00,1.48,40
useless,467,1.89,1.28,4.75,2.52,3.44,2.71,17
toothache,443,1.97,1.18,5.43,2.50,3.64,1.52,.
utensil,1024,5.40,0.94,3.40,1.93,4.95,0.83,.
tornado,444,2.29,1.54,7.03,2.40,3.82,2.26,1
vacation,468,8.38,1.21,6.10,2.88,7.00,2.15,47
torture,445,1.58,0.77,7.11,2.35,3.50,2.86,3
vagina,1025,4.90,0.72,3.95,1.90,5.45,1.54,10
tower,1016,5.35,0.88,3.50,2.24,5.20,1.77,13
valentine,469,8.23,1.34,6.12,2.94,6.15,2.41,2
toxic,446,2.14,1.48,6.61,2.31,4.50,2.47,3
vampire,470,3.92,1.96,6.46,2.30,4.92,2.72,1
toy,1017,7.00,1.98,4.58,2.83,5.67,1.74,4
vandal,471,2.32,1.86,6.76,1.48,3.24,2.45,1
tragedy,447,1.50,0.86,6.31,2.95,3.28,2.54,49
vanity,472,4.29,1.79,5.00,2.32,4.91,2.04,7
traitor,448,2.25,1.83,6.10,2.47,4.25,2.65,2
vehicle,473,6.15,2.65,4.38,3.10,5.56,2.86,35
trash,615,2.88,1.56,4.35,1.83,5.58,1.77,2
venom,474,1.80,0.89,6.55,2.46,3.60,2.30,2
trauma,616,1.77,1.11,6.54,2.04,2.88,1.93,1
vest,1026,5.46,1.42,3.69,2.22,5.08,0.74,4
travel,1018,7.60,1.76,6.35,2.62,6.20,2.26,61
victim,618,1.92,1.32,6.12,2.23,1.92,1.13,27
victory,475,8.60,0.91,6.88,2.97,7.42,2.06,61
world,500,6.69,2.19,5.52,2.37,5.21,2.44,787
vigorous,476,6.74,1.61,6.38,2.56,5.52,2.31,29
wounds,620,2.08,1.29,5.85,2.01,3.85,1.67,8
village,477,5.95,1.47,3.90,1.59,4.70,1.13,72
writer,1036,6.05,2.06,5.38,2.54,4.90,1.84,73
violent,478,1.48,0.79,7.26,2.26,5.04,2.69,33
yacht,1037,6.55,1.85,5.35,2.89,5.90,2.20,4
violin,579,5.96,1.75,3.42,2.37,5.54,1.98,11
yellow,545,5.58,2.02,4.77,1.99,5.38,1.83,55
virgin,1027,6.62,1.66,4.73,1.64,6.67,2.33,35
young,1038,7.00,2.48,5.54,2.63,5.04,2.65,385
virtue,479,6.27,2.34,4.00,2.58,6.35,1.85,30
youth,1039,6.68,2.73,5.81,2.70,4.56,2.75,82
vision,480,6.50,1.95,4.75,2.50,6.03,2.18,56
zest,1040,7.00,2.43,5.52,2.96,5.88,2.33,5
