<?xml version="1.0" encoding="UTF-8"?>
<project-private xmlns="http://www.netbeans.org/ns/project-private/1">
    <editor-bookmarks xmlns="http://www.netbeans.org/ns/editor-bookmarks/2" lastBookmarkId="0"/>
    <open-files xmlns="http://www.netbeans.org/ns/projectui-open-files/2">
        <group>
            <file>file:/H:/Docs%20Pro%20Clement/NetBeansProjects/Umigon/src/java/Classifier/ClassifierMachine.java</file>
            <file>file:/H:/Docs%20Pro%20Clement/NetBeansProjects/Umigon/src/java/Twitter/Tweet.java</file>
            <file>file:/H:/Docs%20Pro%20Clement/NetBeansProjects/Umigon/web/WEB-INF/web.xml</file>
            <file>file:/H:/Docs%20Pro%20Clement/NetBeansProjects/Umigon/src/java/Twitter/TwitterAPIController.java</file>
            <file>file:/H:/Docs%20Pro%20Clement/NetBeansProjects/Umigon/web/result.xhtml</file>
            <file>file:/H:/Docs%20Pro%20Clement/NetBeansProjects/Umigon/src/java/Admin/ControllerBean.java</file>
            <file>file:/H:/Docs%20Pro%20Clement/NetBeansProjects/Umigon/src/java/Classifier/TweetLooper.java</file>
            <file>file:/H:/Docs%20Pro%20Clement/NetBeansProjects/Umigon/src/java/Editor/Editor.java</file>
        </group>
    </open-files>
</project-private>
